INSERT INTO Language_en_US
(Tag, Text) VALUES
('TXT_KEY_DIPLO_RECKLESS_EXPANDER_MINOR','[COLOR_NEGATIVE_TEXT]They start to be worried about how agressively we are expanding.[ENDCOLOR]'),
('TXT_KEY_DIPLO_RECKLESS_EXPANDER_MAJOR','[COLOR_NEGATIVE_TEXT]They are worried about how agressively we are expanding.[ENDCOLOR]'),
('TXT_KEY_DIPLO_RECKLESS_EXPANDER_SEVERE','[COLOR_NEGATIVE_TEXT]They think we are getting cities too agressively.[ENDCOLOR]'),
('TXT_KEY_DIPLO_RECKLESS_EXPANDER_CRITICAL','[COLOR_NEGATIVE_TEXT]They think our agressive expansion is a menace ![ENDCOLOR]'),
('TXT_KEY_DIPLO_CASUS_BELLI_US','We have a casus belli against them (if we capture a city we get no warmonger hate)!'),
('TXT_KEY_DIPLO_CASUS_BELLI_THEM','[COLOR_NEGATIVE_TEXT]They have a casus belli against us because of a past action ![ENDCOLOR]');

INSERT INTO Language_DE_DE
(Tag, Text) VALUES
('TXT_KEY_DIPLO_RECKLESS_EXPANDER_MINOR','[COLOR_NEGATIVE_TEXT]They start to be worried about how agressively we are expanding.[ENDCOLOR]'),
('TXT_KEY_DIPLO_RECKLESS_EXPANDER_MAJOR','[COLOR_NEGATIVE_TEXT]They are worried about how agressively we are expanding.[ENDCOLOR]'),
('TXT_KEY_DIPLO_RECKLESS_EXPANDER_SEVERE','[COLOR_NEGATIVE_TEXT]They think we are getting cities too agressively.[ENDCOLOR]'),
('TXT_KEY_DIPLO_RECKLESS_EXPANDER_CRITICAL','[COLOR_NEGATIVE_TEXT]They think our agressive expansion is a menace ![ENDCOLOR]'),
('TXT_KEY_DIPLO_CASUS_BELLI_US','We have a casus belli against them (if we capture a city we get no warmonger hate)!'),
('TXT_KEY_DIPLO_CASUS_BELLI_THEM','[COLOR_NEGATIVE_TEXT]They have a casus belli against us because of a past action ![ENDCOLOR]');

INSERT INTO Language_PL_PL
(Tag, Text) VALUES
('TXT_KEY_DIPLO_RECKLESS_EXPANDER_MINOR','[COLOR_NEGATIVE_TEXT]They start to be worried about how agressively we are expanding.[ENDCOLOR]'),
('TXT_KEY_DIPLO_RECKLESS_EXPANDER_MAJOR','[COLOR_NEGATIVE_TEXT]They are worried about how agressively we are expanding.[ENDCOLOR]'),
('TXT_KEY_DIPLO_RECKLESS_EXPANDER_SEVERE','[COLOR_NEGATIVE_TEXT]They think we are getting cities too agressively.[ENDCOLOR]'),
('TXT_KEY_DIPLO_RECKLESS_EXPANDER_CRITICAL','[COLOR_NEGATIVE_TEXT]They think our agressive expansion is a menace ![ENDCOLOR]'),
('TXT_KEY_DIPLO_CASUS_BELLI_US','We have a casus belli against them (if we capture a city we get no warmonger hate)!'),
('TXT_KEY_DIPLO_CASUS_BELLI_THEM','[COLOR_NEGATIVE_TEXT]They have a casus belli against us because of a past action ![ENDCOLOR]');

/*UPDATE Units SET Combat=500 WHERE Class='UNITCLASS_TREBUCHET';/**/